"font","pt","dpi","quality","mode","vs","diffPixels","meanDiff","maxDiff","ink","inkRef"
"Consolas","9","144","ClearType","Natural","Automatic","1978","8.1","77.3","3169.3","3167.8"
"Consolas","9","144","ClearType","Symmetric","Automatic","10892","9.1","84.7","3169.5","3167.8"
"Consolas","9","144","ClearType","GdiClassic","Automatic","33532","115","255","3003.2","3167.8"
"Consolas","9","144","ClearType","Adaptive","Automatic","1978","8.1","77.3","3169.3","3167.8"
"Consolas","9","144","ClearType","Adaptive","Natural","0","0","0","3169.3","3169.3"
"Consolas","10","144","ClearType","Natural","Automatic","13033","9.2","57.3","4171.6","4168.9"
"Consolas","10","144","ClearType","Symmetric","Automatic","0","0","0","4168.9","4168.9"
"Consolas","10","144","ClearType","GdiClassic","Automatic","47369","122.7","255","3982.4","4168.9"
"Consolas","10","144","ClearType","Adaptive","Automatic","13033","9.2","57.3","4171.6","4168.9"
"Consolas","10","144","ClearType","Adaptive","Natural","0","0","0","4171.6","4171.6"
"Consolas","12","144","ClearType","Natural","Automatic","13535","9.3","120","4662","4668.9"
"Consolas","12","144","ClearType","Symmetric","Automatic","0","0","0","4668.9","4668.9"
"Consolas","12","144","ClearType","GdiClassic","Automatic","55775","134.2","255","4654.9","4668.9"
"Consolas","12","144","ClearType","Adaptive","Automatic","0","0","0","4668.9","4668.9"
"Consolas","12","144","ClearType","Adaptive","Natural","13535","9.3","120","4668.9","4662"
"Consolas","14","144","ClearType","Natural","Automatic","11389","10.9","128.7","4507.8","4493.1"
"Consolas","14","144","ClearType","Symmetric","Automatic","0","0","0","4493.1","4493.1"
"Consolas","14","144","ClearType","GdiClassic","Automatic","46601","135.5","255","4563.2","4493.1"
"Consolas","14","144","ClearType","Adaptive","Automatic","0","0","0","4493.1","4493.1"
"Consolas","14","144","ClearType","Adaptive","Natural","11389","10.9","128.7","4493.1","4507.8"
"Consolas","9","144","Grayscale","Natural","Automatic","1691","27.1","86.7","3135","3127.1"
"Consolas","9","144","Grayscale","Symmetric","Automatic","9751","27.6","175","3122.5","3127.1"
"Consolas","9","144","Grayscale","GdiClassic","Automatic","28188","137.7","255","3109.6","3127.1"
"Consolas","9","144","Grayscale","Adaptive","Automatic","1691","27.1","86.7","3135","3127.1"
"Consolas","9","144","Grayscale","Adaptive","Natural","0","0","0","3135","3135"
"Consolas","10","144","Grayscale","Natural","Automatic","11811","27.1","105","4122","4113.6"
"Consolas","10","144","Grayscale","Symmetric","Automatic","0","0","0","4113.6","4113.6"
"Consolas","10","144","Grayscale","GdiClassic","Automatic","40695","143.3","255","4097.3","4113.6"
"Consolas","10","144","Grayscale","Adaptive","Automatic","11811","27.1","105","4122","4113.6"
"Consolas","10","144","Grayscale","Adaptive","Natural","0","0","0","4122","4122"
"Consolas","12","144","Grayscale","Natural","Automatic","11579","28.6","145.7","4572.8","4604.8"
"Consolas","12","144","Grayscale","Symmetric","Automatic","0","0","0","4604.8","4604.8"
"Consolas","12","144","Grayscale","GdiClassic","Automatic","48496","154.7","255","4764","4604.8"
"Consolas","12","144","Grayscale","Adaptive","Automatic","0","0","0","4604.8","4604.8"
"Consolas","12","144","Grayscale","Adaptive","Natural","11579","28.6","145.7","4604.8","4572.8"
"Consolas","14","144","Grayscale","Natural","Automatic","9857","29.6","167","4456","4452"
"Consolas","14","144","Grayscale","Symmetric","Automatic","0","0","0","4452","4452"
"Consolas","14","144","Grayscale","GdiClassic","Automatic","40941","154.6","255","4654.8","4452"
"Consolas","14","144","Grayscale","Adaptive","Automatic","0","0","0","4452","4452"
"Consolas","14","144","Grayscale","Adaptive","Natural","9857","29.6","167","4452","4456"
"Cascadia Mono","9","144","ClearType","Natural","Automatic","16221","20.3","221","4072","3925.5"
"Cascadia Mono","9","144","ClearType","Symmetric","Automatic","0","0","0","3925.5","3925.5"
"Cascadia Mono","9","144","ClearType","GdiClassic","Automatic","46026","126.2","255","3789.4","3925.5"
"Cascadia Mono","9","144","ClearType","Adaptive","Automatic","16221","20.3","221","4072","3925.5"
"Cascadia Mono","9","144","ClearType","Adaptive","Natural","0","0","0","4072","4072"
"Cascadia Mono","10","144","ClearType","Natural","Automatic","15995","14.9","189.3","4537.1","4460.7"
"Cascadia Mono","10","144","ClearType","Symmetric","Automatic","0","0","0","4460.7","4460.7"
"Cascadia Mono","10","144","ClearType","GdiClassic","Automatic","43378","125.6","255","4283.6","4460.7"
"Cascadia Mono","10","144","ClearType","Adaptive","Automatic","15995","14.9","189.3","4537.1","4460.7"
"Cascadia Mono","10","144","ClearType","Adaptive","Natural","0","0","0","4537.1","4537.1"
"Cascadia Mono","12","144","ClearType","Natural","Automatic","15091","16.6","224","5273.4","5354.5"
"Cascadia Mono","12","144","ClearType","Symmetric","Automatic","0","0","0","5354.5","5354.5"
"Cascadia Mono","12","144","ClearType","GdiClassic","Automatic","52736","133.8","255","5131.1","5354.5"
"Cascadia Mono","12","144","ClearType","Adaptive","Automatic","0","0","0","5354.5","5354.5"
"Cascadia Mono","12","144","ClearType","Adaptive","Natural","15091","16.6","224","5354.5","5273.4"
"Cascadia Mono","14","144","ClearType","Natural","Automatic","14236","23.3","200.7","5480.8","5525.9"
"Cascadia Mono","14","144","ClearType","Symmetric","Automatic","0","0","0","5525.9","5525.9"
"Cascadia Mono","14","144","ClearType","GdiClassic","Automatic","48738","137","255","5455.1","5525.9"
"Cascadia Mono","14","144","ClearType","Adaptive","Automatic","0","0","0","5525.9","5525.9"
"Cascadia Mono","14","144","ClearType","Adaptive","Natural","14236","23.3","200.7","5525.9","5480.8"
"Cascadia Mono","9","144","Grayscale","Natural","Automatic","13631","38.4","255","4029.7","3844.1"
"Cascadia Mono","9","144","Grayscale","Symmetric","Automatic","0","0","0","3844.1","3844.1"
"Cascadia Mono","9","144","Grayscale","GdiClassic","Automatic","39882","145.6","255","3898","3844.1"
"Cascadia Mono","9","144","Grayscale","Adaptive","Automatic","13631","38.4","255","4029.7","3844.1"
"Cascadia Mono","9","144","Grayscale","Adaptive","Natural","0","0","0","4029.7","4029.7"
"Cascadia Mono","10","144","Grayscale","Natural","Automatic","14312","34.9","185.7","4510.1","4327.8"
"Cascadia Mono","10","144","Grayscale","Symmetric","Automatic","0","0","0","4327.8","4327.8"
"Cascadia Mono","10","144","Grayscale","GdiClassic","Automatic","37621","145","255","4417","4327.8"
"Cascadia Mono","10","144","Grayscale","Adaptive","Automatic","14312","34.9","185.7","4510.1","4327.8"
"Cascadia Mono","10","144","Grayscale","Adaptive","Natural","0","0","0","4510.1","4510.1"
"Cascadia Mono","12","144","Grayscale","Natural","Automatic","12903","34.6","158.7","5208.1","5275.9"
"Cascadia Mono","12","144","Grayscale","Symmetric","Automatic","0","0","0","5275.9","5275.9"
"Cascadia Mono","12","144","Grayscale","GdiClassic","Automatic","45980","153.4","255","5240.7","5275.9"
"Cascadia Mono","12","144","Grayscale","Adaptive","Automatic","0","0","0","5275.9","5275.9"
"Cascadia Mono","12","144","Grayscale","Adaptive","Natural","12903","34.6","158.7","5275.9","5208.1"
"Cascadia Mono","14","144","Grayscale","Natural","Automatic","12844","42.8","221","5431.4","5449.6"
"Cascadia Mono","14","144","Grayscale","Symmetric","Automatic","0","0","0","5449.6","5449.6"
"Cascadia Mono","14","144","Grayscale","GdiClassic","Automatic","43139","155","255","5555.7","5449.6"
"Cascadia Mono","14","144","Grayscale","Adaptive","Automatic","0","0","0","5449.6","5449.6"
"Cascadia Mono","14","144","Grayscale","Adaptive","Natural","12844","42.8","221","5449.6","5431.4"
"Courier New","9","144","ClearType","Natural","Automatic","0","0","0","2607.7","2607.7"
"Courier New","9","144","ClearType","Symmetric","Automatic","12237","11.3","139.7","2587.2","2607.7"
"Courier New","9","144","ClearType","GdiClassic","Automatic","30186","123.6","255","2489.1","2607.7"
"Courier New","9","144","ClearType","Adaptive","Automatic","0","0","0","2607.7","2607.7"
"Courier New","9","144","ClearType","Adaptive","Natural","0","0","0","2607.7","2607.7"
"Courier New","10","144","ClearType","Natural","Automatic","0","0","0","2848.5","2848.5"
"Courier New","10","144","ClearType","Symmetric","Automatic","12658","11","93.3","2840.4","2848.5"
"Courier New","10","144","ClearType","GdiClassic","Automatic","29535","109.4","255","2721.3","2848.5"
"Courier New","10","144","ClearType","Adaptive","Automatic","0","0","0","2848.5","2848.5"
"Courier New","10","144","ClearType","Adaptive","Natural","0","0","0","2848.5","2848.5"
"Courier New","12","144","ClearType","Natural","Automatic","13020","11.2","103","3090.4","3095.8"
"Courier New","12","144","ClearType","Symmetric","Automatic","0","0","0","3095.8","3095.8"
"Courier New","12","144","ClearType","GdiClassic","Automatic","39125","121.3","255","3022.3","3095.8"
"Courier New","12","144","ClearType","Adaptive","Automatic","0","0","0","3095.8","3095.8"
"Courier New","12","144","ClearType","Adaptive","Natural","13020","11.2","103","3095.8","3090.4"
"Courier New","14","144","ClearType","Natural","Automatic","11087","11","84.3","2997.7","3006.9"
"Courier New","14","144","ClearType","Symmetric","Automatic","0","0","0","3006.9","3006.9"
"Courier New","14","144","ClearType","GdiClassic","Automatic","37808","125.3","255","2927.6","3006.9"
"Courier New","14","144","ClearType","Adaptive","Automatic","0","0","0","3006.9","3006.9"
"Courier New","14","144","ClearType","Adaptive","Natural","11087","11","84.3","3006.9","2997.7"
"Courier New","9","144","Grayscale","Natural","Automatic","0","0","0","2517.6","2517.6"
"Courier New","9","144","Grayscale","Symmetric","Automatic","10395","30","185","2594.6","2517.6"
"Courier New","9","144","Grayscale","GdiClassic","Automatic","24953","146.4","255","2458.8","2517.6"
"Courier New","9","144","Grayscale","Adaptive","Automatic","0","0","0","2517.6","2517.6"
"Courier New","9","144","Grayscale","Adaptive","Natural","0","0","0","2517.6","2517.6"
"Courier New","10","144","Grayscale","Natural","Automatic","0","0","0","2738.3","2738.3"
"Courier New","10","144","Grayscale","Symmetric","Automatic","10102","28.4","126","2838.2","2738.3"
"Courier New","10","144","Grayscale","GdiClassic","Automatic","23270","135.2","255","2727","2738.3"
"Courier New","10","144","Grayscale","Adaptive","Automatic","0","0","0","2738.3","2738.3"
"Courier New","10","144","Grayscale","Adaptive","Natural","0","0","0","2738.3","2738.3"
"Courier New","12","144","Grayscale","Natural","Automatic","11454","31.1","109","2983.8","3079.7"
"Courier New","12","144","Grayscale","Symmetric","Automatic","0","0","0","3079.7","3079.7"
"Courier New","12","144","Grayscale","GdiClassic","Automatic","33126","142.4","255","3008.5","3079.7"
"Courier New","12","144","Grayscale","Adaptive","Automatic","0","0","0","3079.7","3079.7"
"Courier New","12","144","Grayscale","Adaptive","Natural","11454","31.1","109","3079.7","2983.8"
"Courier New","14","144","Grayscale","Natural","Automatic","9471","30.4","117","2910.1","3015.3"
"Courier New","14","144","Grayscale","Symmetric","Automatic","0","0","0","3015.3","3015.3"
"Courier New","14","144","Grayscale","GdiClassic","Automatic","32796","144.2","255","2922.2","3015.3"
"Courier New","14","144","Grayscale","Adaptive","Automatic","0","0","0","3015.3","3015.3"
"Courier New","14","144","Grayscale","Adaptive","Natural","9471","30.4","117","3015.3","2910.1"
"Segoe UI","9","144","ClearType","Natural","Automatic","0","0","0","3388.8","3388.8"
"Segoe UI","9","144","ClearType","Symmetric","Automatic","16273","15.3","197","3497.2","3388.8"
"Segoe UI","9","144","ClearType","GdiClassic","Automatic","32777","99","255","3234.3","3388.8"
"Segoe UI","9","144","ClearType","Adaptive","Automatic","0","0","0","3388.8","3388.8"
"Segoe UI","9","144","ClearType","Adaptive","Natural","0","0","0","3388.8","3388.8"
"Segoe UI","10","144","ClearType","Natural","Automatic","17689","20.7","197","3855.9","4059.5"
"Segoe UI","10","144","ClearType","Symmetric","Automatic","0","0","0","4059.5","4059.5"
"Segoe UI","10","144","ClearType","GdiClassic","Automatic","45616","113.6","255","3715","4059.5"
"Segoe UI","10","144","ClearType","Adaptive","Automatic","17689","20.7","197","3855.9","4059.5"
"Segoe UI","10","144","ClearType","Adaptive","Natural","0","0","0","3855.9","3855.9"
"Segoe UI","12","144","ClearType","Natural","Automatic","16718","14.9","197","4590.2","4467.5"
"Segoe UI","12","144","ClearType","Symmetric","Automatic","0","0","0","4467.5","4467.5"
"Segoe UI","12","144","ClearType","GdiClassic","Automatic","50859","121.1","255","4443.8","4467.5"
"Segoe UI","12","144","ClearType","Adaptive","Automatic","0","0","0","4467.5","4467.5"
"Segoe UI","12","144","ClearType","Adaptive","Natural","16718","14.9","197","4467.5","4590.2"
"Segoe UI","14","144","ClearType","Natural","Automatic","12778","10","112.3","4795","4779.6"
"Segoe UI","14","144","ClearType","Symmetric","Automatic","0","0","0","4779.6","4779.6"
"Segoe UI","14","144","ClearType","GdiClassic","Automatic","42453","115.7","255","4803.4","4779.6"
"Segoe UI","14","144","ClearType","Adaptive","Automatic","0","0","0","4779.6","4779.6"
"Segoe UI","14","144","ClearType","Adaptive","Natural","12778","10","112.3","4779.6","4795"
"Segoe UI","9","144","Grayscale","Natural","Automatic","0","0","0","3367.3","3367.3"
"Segoe UI","9","144","Grayscale","Symmetric","Automatic","14678","31.9","197","3460.9","3367.3"
"Segoe UI","9","144","Grayscale","GdiClassic","Automatic","26722","121.9","255","3359.4","3367.3"
"Segoe UI","9","144","Grayscale","Adaptive","Automatic","0","0","0","3367.3","3367.3"
"Segoe UI","9","144","Grayscale","Adaptive","Natural","0","0","0","3367.3","3367.3"
"Segoe UI","10","144","Grayscale","Natural","Automatic","15472","36.1","220","3823.2","4036.8"
"Segoe UI","10","144","Grayscale","Symmetric","Automatic","0","0","0","4036.8","4036.8"
"Segoe UI","10","144","Grayscale","GdiClassic","Automatic","39319","132.6","255","3847.8","4036.8"
"Segoe UI","10","144","Grayscale","Adaptive","Automatic","15472","36.1","220","3823.2","4036.8"
"Segoe UI","10","144","Grayscale","Adaptive","Natural","0","0","0","3823.2","3823.2"
"Segoe UI","12","144","Grayscale","Natural","Automatic","14650","31.8","197","4572.2","4364.8"
"Segoe UI","12","144","Grayscale","Symmetric","Automatic","0","0","0","4364.8","4364.8"
"Segoe UI","12","144","Grayscale","GdiClassic","Automatic","43251","142.9","255","4578.9","4364.8"
"Segoe UI","12","144","Grayscale","Adaptive","Automatic","0","0","0","4364.8","4364.8"
"Segoe UI","12","144","Grayscale","Adaptive","Natural","14650","31.8","197","4364.8","4572.2"
"Segoe UI","14","144","Grayscale","Natural","Automatic","10693","28.2","137","4753.5","4705.7"
"Segoe UI","14","144","Grayscale","Symmetric","Automatic","0","0","0","4705.7","4705.7"
"Segoe UI","14","144","Grayscale","GdiClassic","Automatic","35392","138.5","255","4908.3","4705.7"
"Segoe UI","14","144","Grayscale","Adaptive","Automatic","0","0","0","4705.7","4705.7"
"Segoe UI","14","144","Grayscale","Adaptive","Natural","10693","28.2","137","4705.7","4753.5"
