"label","tech","line","kind","lineHeight","ink","width","colorFringePx"
"courier-new-dw","1","1","bold","24","391.2","359","0"
"courier-new-dw","1","2","regular","24","252.3","358","1012"
"courier-new-dw","1","3","bold","24","309.8","312","0"
"courier-new-dw","1","4","regular","24","223.1","335","859"
"bahnschrift-light-override-gdi","0","1","bold","24","350.2","277","0"
"bahnschrift-light-override-gdi","0","2","regular","24","286.1","273","1240"
"bahnschrift-light-override-gdi","0","3","bold","24","274.8","219","0"
"bahnschrift-light-override-gdi","0","4","regular","24","240.3","219","1092"
"bahnschrift-light-gdi","0","1","bold","24","350.2","277","0"
"bahnschrift-light-gdi","0","2","regular","24","286.1","273","1240"
"bahnschrift-light-gdi","0","3","bold","24","274.8","219","0"
"bahnschrift-light-gdi","0","4","regular","24","240.3","219","1092"
"bahnschrift-light-dw","1","1","bold","25","343.4","276","0"
"bahnschrift-light-dw","1","2","regular","25","279.3","270","1186"
"bahnschrift-light-dw","1","3","bold","25","269.4","217","0"
"bahnschrift-light-dw","1","4","regular","25","236.1","218","1061"
"upstream-a69bc23-bahnschrift-light-dw","1","1","bold","28","384.4","283","0"
"upstream-a69bc23-bahnschrift-light-dw","1","2","regular","28","293.9","265","1243"
"upstream-a69bc23-bahnschrift-light-dw","1","3","bold","28","334.1","232","0"
"upstream-a69bc23-bahnschrift-light-dw","1","4","regular","28","257.5","219","1117"
"pyre-3a2c596-bahnschrift-light-dw","1","1","bold","25","318.2","277","0"
"pyre-3a2c596-bahnschrift-light-dw","1","2","regular","25","279.3","270","1186"
"pyre-3a2c596-bahnschrift-light-dw","1","3","bold","25","269.4","217","0"
"pyre-3a2c596-bahnschrift-light-dw","1","4","regular","25","236.1","218","1061"
